<?xml version="1.0" encoding="UTF-8" standalone="no"?>
<wl:adapter xmlns:wl="http://www.worklight.com/integration" xmlns:http="http://www.worklight.com/integration/http" xmlns:xsi="http://www.w3.org/2001/XMLSchema-instance" name="LDAPAdapter">

	<displayName>LDAPAdapter</displayName>
	<description>LDAPAdapter</description>
	<connectivity>
		<connectionPolicy xsi:type="http:HTTPConnectionPolicyType">
			<protocol>http</protocol>
			<domain>148.9.222.181</domain>
			
<!-- 		<proxy>:80
			<protocol>http</protocol>
			<domain>internet.ps.net</domain>
			<port>80</port>				
		</proxy> -->
		
		</connectionPolicy>
		<loadConstraints maxConcurrentConnectionsPerNode="50"/>
	</connectivity>

	<procedure name="getStories"/>
	<procedure name="doAuthenticateLDAP"/>
	<procedure name="getStoriesFiltered"/>
	
</wl:adapter>
