<?xml version="1.0" encoding="UTF-8" standalone="no"?>
<!-- Licensed Materials - Property of IBM
			 5725-G92 (C) Copyright IBM Corp. 2006, 2012. All Rights Reserved.
			 US Government Users Restricted Rights - Use, duplication or
             disclosure restricted by GSA ADP Schedule Contract with IBM Corp. -->
			 <!-- Attribute "id" must be identical to application folder name -->
	<application xmlns="http://www.worklight.com/application-descriptor" id="DellLogin" platformVersion="5.0.2">
    <displayName>DellLogin</displayName>
    <description>DellLogin</description>
    <author>
        <name>application's author</name>
        <email>application author's e-mail</email>
		<homepage>http://mycompany.com</homepage>
        <copyright>Copyright My Company</copyright>
    </author>
    <height>460</height>
    <width>320</width>
    <mainFile>DellLogin.html</mainFile>
    <thumbnailImage>common/images/thumbnail.png</thumbnailImage>
    <android version="2.0">
        <worklightSettings include="true"/>
		 <security>
            <encryptWebResources enabled="false"/>
            <testWebResourcesChecksum enabled="false" ignoreFileExtensions="png, jpg, jpeg, gif, mp4, mp3"/>
            <publicSigningKey>Replace this text with the public key of the certificate with which you sign the APK. For details see the Worklight Developer's Reference Guide.</publicSigningKey>
        </security>
    </android>
    <worklightServerRootURL>http://${local.IPAddress}:8080</worklightServerRootURL>
</application>
