<?xml version="1.0" encoding="UTF-8"?>
<wl:adapter name="LDAPAdapter"
	xmlns:xsi="http://www.w3.org/2001/XMLSchema-instance" 
	xmlns:wl="http://www.worklight.com/integration"
	xmlns:http="http://www.worklight.com/integration/http">

	<displayName>LDAPAdapter</displayName>
	<description>LDAPAdapter</description>
	<connectivity>
		<connectionPolicy xsi:type="http:HTTPConnectionPolicyType">
			<protocol>http</protocol>
			<domain>66.35.17.232</domain>
			
<!-- 		<proxy>:80
			<protocol>http</protocol>
			<domain>internet.ps.net</domain>
			<port>80</port>				
		</proxy> -->
		
		</connectionPolicy>
		<loadConstraints maxConcurrentConnectionsPerNode="50" />
	</connectivity>

	<procedure name="getStories"/>
	<procedure name="doAuthenticateLDAP"/>
	<procedure name="getStoriesFiltered"/>
	
</wl:adapter>
